boro,order_no,main_st,from_st,to_st,sos
B,P-00097673,DECATUR AVENUE,EAST FORDHAM ROAD,EAST  193 STREET,W
B,P-00097680,EAST FORDHAM ROAD,HUGHES AVENUE,BELMONT AVENUE,S
B,P-00097691,KATONAH AVENUE,EAST  235 STREET,EAST  236 STREET,E
B,P-00097700,WHITE PLAINS ROAD,EAST  213 STREET,EAST GUNHILL ROAD,W
B,P-010938  ,WOOD AVENUE,METROPOLITAN AVENUE,WEST AVENUE,S
B,P-01249551,EAST  205 STREET,PERRY AVENUE,BAINBRIDGE AVENUE,N
B,P-01249755,WESTCHESTER AVENUE,EVERGREEN AVENUE,COLGATE AVENUE,N
B,P-01249757,WESTCHESTER AVENUE,BURR AVENUE,COLONIAL AVENUE,N
B,P-01249822,PELHAM PARKWAY SOUTH,WILSON AVENUE,EASTCHESTER ROAD,N
B,P-01249890,EAST  208 STREET,DEKALB AVENUE,JEROME AVENUE,N
B,P-01249901,EAST  205 STREET,PERRY AVENUE,EAST  204 STREET,S
B,P-01249905,EAST  206 STREET,BAINBRIDGE AVENUE,PERRY AVENUE,S
B,P-01249961,KOSSUTH AVENUE,EAST  210 STREET,DEKALB AVENUE,W
B,P-01249962,THIRD AVENUE,EAST  152 STREET,EAST  153 STREET,E
B,P-01249994,THIRD AVENUE,EAST  147 STREET,EAST  148 STREET,E
B,P-01250205,WESTCHESTER AVENUE,COLONIAL AVENUE,SAINT PAULS AVENUE,N
B,P-01250214,WESTCHESTER AVENUE,CONTINENTAL AVENUE,WILKINSON AVENUE,N
B,P-01250221,WESTCHESTER AVENUE,HOBART AVENUE,EDISON AVENUE,N
B,P-01250230,WESTCHESTER AVENUE,BUHRE AVENUE,PILGRIM AVENUE,N
B,P-01250308,FOREST AVENUE,EAST  160 STREET,EAST  158 STREET,E
B,P-01250350,WESTCHESTER AVENUE,ZEREGA AVENUE,PARKER STREET,N
B,P-01250358,WESTCHESTER AVENUE,ROWLAND STREET,ZEREGA AVENUE,N
B,P-01250361,WESTCHESTER AVENUE,BOYNTON AVENUE,ELDER AVENUE,N
B,P-01250371,WESTCHESTER AVENUE,ELDER AVENUE,WHEELER AVENUE,N
B,P-01250684,OAK POINT AVENUE,LONGFELLOW AVENUE,HUNTS POINT AVENUE,S
B,P-01251012,HUGHES AVENUE,EAST FORDHAM ROAD,DEAD END,E
B,P-01251140,UNIVERSITY AVENUE,WEST TREMONT AVENUE,WEST  176 STREET,W
B,P-01251239,WESTCHESTER AVENUE,SAINT PAUL AVENUE,CONTINENTAL AVENUE,N
B,P-01251242,WESTCHESTER AVENUE,GLOVER STREET,DORIS STREET,N
B,P-01251245,WESTCHESTER AVENUE,PARKER STREET,GLOVER STREET,N
B,P-01251250,WESTCHESTER AVENUE,CASTLE HILL AVENUE,PURDY STREET,N
B,P-01251253,WESTCHESTER AVENUE,TAYLOR AVENUE,BEACH AVENUE,N
B,P-01251255,WESTCHESTER AVENUE,LELAND AVENUE,THIERIOT AVENUE,N
B,P-01251259,WESTCHESTER AVENUE,PUGSLEY AVENUE,HUGH J GRANT CIRCLE,N
B,P-01251319,WEBSTER AVENUE,EAST  194 STREET,EAST  193 STREET,W
B,P-01251400,SOUTHERN BOULEVARD,ALDUS STREET,WESTCHESTER AVENUE,E
B,P-01251712,THIRD AVENUE,EAST  146 STREET,EAST  147 STREET,E
B,P-01252076,WESTCHESTER AVENUE,HARROD AVENUE,MORRISON AVENUE,N
B,P-01252084,WESTCHESTER AVENUE,MORRISON AVENUE,STRATFORD AVENUE,N
B,P-01252100,WESTCHESTER AVENUE,STRATFORD AVENUE,MANOR AVENUE,N
B,P-01252110,WESTCHESTER AVENUE,WARD AVENUE,BOYNTON AVENUE,N
B,P-01252156,WEBSTER AVENUE,BEDFORD PARK BOULEVARD,EAST  199 STREET,W
B,P-01252282,WESTCHESTER AVENUE,MANOR AVENUE,WARD AVENUE,N
B,P-01252590,PELHAM PARKWAY SOUTH,WILSON AVENUE,EASTCHESTER ROAD,S
B,P-01253722,KNOLLS CRESCENT,KAPPOCK STREET,KNOLLS CRESCENT,N
B,P-01253826,EAST BURNSIDE AVENUE,JEROME AVENUE,WALTON AVENUE,S
B,P-01255894,EAST TREMONT AVENUE,WATERBURY AVENUE,WHITTEMORE AVENUE,S
B,P-01256533,BERGEN AVENUE,EAST  152 STREET,EAST  153 STREET,E
B,P-01258538,BRONX RIV AVENUE,ROSEDALE AVENUE,EAST TREMONT AVENUE,N
B,P-01260196,WEST  233 STREET,BROADWAY,KINGSBRIDGE AVENUE,N
B,P-01260200,DREISER LOOP*W,DEFOE PLACE,CO-OP CITY BOULEVARD,E
B,P-01260617,WEBSTER AVENUE,EAST  168 STREET,EAST  167 STREET,W
B,P-01261300,ALEXANDER AVENUE,EAST  134 STREET,BRUCKNER BOULEVARD,W
B,P-01262969,THIRD AVENUE,WESTCHESTER AVENUE,EAST  152 STREET,E
B,P-01263251,GRAND CONCOURSE*W S/R,EAST  183 STREET,EAST  182 STREET,W
B,P-01263252,GRAND CONCOURSE*W S/R,EAST  182 STREET,EAST  181 STREET,W
B,P-01263253,GRAND CONCOURSE*W RDWY,EAST  181 STREET,EAST  180 STREET,W
B,P-01263254,GRAND CONCOURSE*W S/R,EAST  188 STREET,EAST  184 STREET,W
B,P-01263255,GRAND CONCOURSE*W S/R,EAST  184 STREET,FIELD PLACE,W
B,P-01263978,GRAND CONCOURSE,EAST  192 STREET,EAST FORDHAM ROAD,W
B,P-01264001,GRAND CONCOURSE,EAST FORDHAM ROAD,EAST  188 STREET,W
B,P-01264009,GRAND CONCOURSE,EAST  187 STREET,EAST  188 STREET,E
B,P-01264014,GRAND CONCOURSE,EAST  188 STREET,EAST FORDHAM ROAD,E
B,P-01264038,GRAND CONCOURSE,EAST FORDHAM ROAD,EAST  192 STREET,E
B,P-01264352,GRAND CONCOURSE*E S/R,EAST  180 STREET,EAST  181 STREET,E
B,P-01264356,GRAND CONCOURSE*E S/R,EAST  181 STREET,ANTHONY AVENUE,E
B,P-01264359,GRAND CONCOURSE*E S/R,EAST  182 STREET,EAST  183 STREET,E
B,P-01264363,GRAND CONCOURSE*E S/R,FIELD PLACE,EAST  184 STREET,E
B,P-01264365,GRAND CONCOURSE*E S/R,EAST  184 STREET,EAST  187 STREET,E
B,P-01264731,UNIONPORT ROAD,LAUREL DRIVE,EAST TREMONT AVENUE,E
B,P-01265389,WEBSTER AVENUE,EAST  205 STREET,EAST  204 STREET,W
B,P-01265417,WEST  230 STREET,BROADWAY,GODWIN TERRACE,N
B,P-01266777,EINSTEIN LOOP EAST,EINSTEIN LOOP NORTH,EINSTEIN LOOP SOUTH,W
B,P-01266791,EINSTEIN LOOP SOUTH,EINSTEIN LOOP EAST,HUTCH RIVER PARKWAY EAST,N
B,P-01266826,MACE AVENUE,FENTON AVENUE,EASTCHESTER ROAD,S
B,P-01266847,ASTOR AVENUE,HOLLAND AVENUE,WALLACE AVENUE,S
B,P-01267695,EAST  233 STREET,WHITE PLAINS ROAD,BARNES AVENUE,S
B,P-01267924,WALTON AVENUE,EAST FORDHAM ROAD,EAST  184 STREET,E
B,P-01268366,DREISER LOOP*E,CO-OP CITY BOULEVARD,DREISER LOOP SOUTH,W
B,P-01268385,DREISER LOOP*S,DREISER LOOP*E,DREISER LOOP*W,N
B,P-01268397,EAST  233 STREET,BYRON AVENUE,WHITE PLAINS ROAD,N
B,P-01268455,ROBERTS AVENUE,BLONDELL AVENUE,WILLIAMBRIDGE ROAD,S
B,P-01268546,DYRE AVENUE,LIGHT STREET,EAST  233 STREET,E
B,P-01268553,DYRE AVENUE,EAST  233 STREET,DARK STREET,E
B,P-01268563,DYRE AVENUE,EAST  233 STREET,LIGHT STREET,W
B,P-01268571,DYRE AVENUE,LUSTRE STREET,EAST  233 STREET,W
B,P-01268575,EAST  233 STREET,MERRITT AVENUE,DYRE AVENUE,N
B,P-01268969,EASTCHESTER ROAD,WARING AVENUE,MACE AVENUE,E
B,P-01268975,EASTCHESTER ROAD,ALLERTON AVENUE,MACE AVENUE,W
B,P-01268977,EASTCHESTER ROAD,KNAPP STREET,ADEE AVENUE,W
B,P-01269025,PELHAM PARKWAY NORTH,CRUGER AVENUE,WHITE PLAINS ROAD,N
B,P-01269243,EAST TREMONT AVENUE,PAULDING AVENUE,BRONXDALE AVENUE,N
B,P-01269920,EAST  241 STREET,RICHARDSON AVENUE,WHITE PLAINS ROAD,S
B,P-01270092,EAST  233 STREET,BARNES AVENUE,BUSSING AVENUE,S
B,P-01270260,EASTCHESTER ROAD,PELHAM PARKWAY SOUTH,MORRIS PARK AVENUE,W
B,P-01270807,BEDFORD PARK BOULEVARD,GOULDEN AVENUE,JEROME AVENUE,S
B,P-01271123,EAST  234 STREET,CARPENTER AVENUE,BRONX BOULEVARD,S
B,P-01271501,EAST  233 STREET,CARPENTER AVENUE,WHITE PLAINS ROAD,S
B,P-01271534,EAST  188 STREET,MARION AVENUE,WEBSTER AVENUE,S
B,P-01271704,JEROME AVENUE,EAST  179 STREET,EAST BURNSIDE AVENUE,E
B,P-01271708,JEROME AVENUE,WEST BURNSIDE AVENUE,WEST TREMONT AVENUE,W
B,P-01271711,JEROME AVENUE,EAST BURNSIDE AVENUE,EAST  181 STREET,E
B,P-01271746,JEROME AVENUE,WEST  181 STREET,WEST BURNSIDE AVENUE,W
B,P-01271755,EAST GUN HILL ROAD,HULL AVENUE,DECATUR AVENUE,S
B,P-01272008,EAST  241 STREET,WHITE PLAINS ROAD,RICHARDSON AVENUE,N
B,P-01272496,EAST  241 STREET,WHITE PLAINS ROAD,FURMAN AVENUE,S
B,P-01272542,EAST  234 STREET,CARPENTER AVENUE,BRONX BOULEVARD,N
B,P-01273544,BARTOW AVENUE,CO-OP CITY BOULEVARD,ASCH LOOP,N
B,P-01275007,CROSBY AVENUE,ROBERTS AVENUE,BUHRE AVENUE,E
B,P-01275773,WEST  231 STREET,BROADWAY,KINGSBRIDGE AVENUE,N
B,P-01276260,BROADWAY,KIMBERLY PLACE,VERVEELEN PLACE,E
B,P-01276471,EAST  163 STREET,SOUTHERN BOULEVARD,SIMPSON STREET,N
B,P-01276490,EAST  163 STREET,SIMPSON STREET,SOUTHERN BOULEVARD,S
B,P-01276509,EAST  167 STREET,GERARD AVENUE,RIVER AVENUE,N
B,P-01276684,EAST MT EDEN AVENUE,JEROME AVENUE,TOWNSEND AVENUE,S
B,P-01276688,EAST  165 STREET,WESTCHESTER AVENUE,FOX STREET,N
B,P-01276702,EAST MT EDEN AVENUE,TOWNSEND AVENUE,WALTON AVENUE,S
B,P-01276706,EAST MT EDEN AVENUE*N RDWY,GRAND CONCOURSE,WALTON AVENUE,N
B,P-01276714,EAST  167 STREET,GRANDVIEW PLACE,WALTON AVENUE,N
B,P-01276724,ALLERTON AVENUE,BARNES AVENUE,WALLACE AVENUE,N
B,P-01276775,EAST MT EDEN AVENUE*S RDWY,WALTON AVENUE,GRAND CONCOURSE,S
B,P-01276882,EDWARD L GRANT HIGHWAY,SHAKESPEARE AVENUE,NELSON AVENUE,E
B,P-01276883,GERARD AVENUE,EAST  158 STREET,EAST  161 STREET,E
B,P-01276886,EAST  167 STREET,GRANT AVENUE,SHERMAN AVENUE,N
B,P-01276890,EAST  167 STREET,RIVER AVENUE,JEROME AVENUE,N
B,P-01276892,EAST  167 STREET,SHERMAN AVENUE,SHERIDAN AVENUE,N
B,P-01276897,EAST  167 STREET,WALTON AVENUE,GERARD AVENUE,N
B,P-01276899,GERARD AVENUE,EAST  161 STREET,EAST  164 STREET,E
B,P-01276900,EAST  167 STREET,CLAY AVENUE,WEBSTER AVENUE,S
B,P-01276908,EAST  167 STREET,CROMWELL AVENUE,RIVER AVENUE,S
B,P-01276909,EAST  167 STREET,WEBSTER AVENUE,CLAY AVENUE,N
B,P-01276912,EAST  167 STREET,GERARD AVENUE,WALTON AVENUE,S
B,P-01276914,EAST  167 STREET,GRANT AVENUE,MORRIS AVENUE,S
B,P-01276922,EAST  167 STREET,RIVER AVENUE,GERARD AVENUE,S
B,P-01276923,EAST  167 STREET,SHERIDAN AVENUE,SHERMAN AVENUE,S
B,P-01276927,EAST  167 STREET,SHERMAN AVENUE,GRANT AVENUE,S
B,P-01276933,EAST  167 STREET,WALTON AVENUE,GRAND CONCOURSE,S
B,P-01276935,EAST  170 STREET,COLLEGE AVENUE,MORRIS AVENUE,N
B,P-01276937,EAST  170 STREET,GRAND CONCOURSE,WYTHE PLACE,N
B,P-01276940,EAST  170 STREET,TOWNSEND AVENUE,JEROME AVENUE,N
B,P-01276945,EAST  170 STREET,WALTON AVENUE,TOWNSEND AVENUE,N
B,P-01276948,EAST  170 STREET,WYTHE PLACE,WALTON AVENUE,N
B,P-01276952,WEBSTER AVENUE,CLAY AVENUE,EAST  168 STREET,W
B,P-01276953,EAST  170 STREET,JEROME AVENUE,WALTON AVENUE,S
B,P-01276955,EAST  170 STREET,WALTON AVENUE,GRAND CONCOURSE,S
B,P-01276966,GERARD AVENUE,EAST  158 STREET,EAST  161 STREET,W
B,P-01276990,JEROME AVENUE,EAST  170 STREET,EAST  171 STREET,E
B,P-01276993,JEROME AVENUE,EAST CLARKE PLACE,MARCY PLACE,E
B,P-01276997,JEROME AVENUE,ELLIOT PLACE,EAST  170 STREET,E
B,P-01277002,JEROME AVENUE,GERARD AVENUE,EAST CLARKE PLACE,E
B,P-01277004,JEROME AVENUE,MARCY PLACE,ELLIOT PLACE,E
B,P-01277009,JEROME AVENUE,EDWARD L GRANT HIGHWAY,SHAKESPEARE AVENUE,W
B,P-01277015,JEROME AVENUE*W RDWY,ELLIOTT PLACE,JEROME AVENUE,W
B,P-01277023,PLAZA DRIVE,WEST  170 STREET,ELLIOTT PLACE,E
B,P-01277163,GERARD AVENUE,EAST  161 STREET,EAST  162 STREET,W
B,P-01277165,GRAND CONCOURSE*W S/R,EAST  164 STREET,EAST  161 STREET,W
B,P-01277174,TOWNSEND AVENUE,EAST  170 STREET,EAST  171 STREET,E
B,P-01277202,BATHGATE AVENUE,EAST  189 STREET,EAST FORDHAM ROAD,E
B,P-01277234,TOWNSEND AVENUE,EAST  170 STREET,EAST  171 STREET,W
B,P-01277237,THIRD AVENUE,EAST  151 STREET,EAST  150 STREET,W
B,P-01277248,THIRD AVENUE,EAST  152 STREET,EAST  151 STREET,W
B,P-01277251,EAST KINGSBRIDGE ROAD,MORRIS AVENUE,CRESTON AVENUE,S
B,P-01277256,THIRD AVENUE,EAST  154 STREET,EAST  153 STREET,W
B,P-01277422,WEST  170 STREET,PLAZA DRIVE,INWOOD AVENUE,N
B,P-01277432,WEST  170 STREET,INWOOD AVENUE,PLAZA DRIVE,S
B,P-01277433,WEST MOUNT EDEN AVENUE,JEROME AVENUE,INWOOD AVENUE,S
B,P-01277449,WALTON AVENUE,EAST  170 STREET,ELLIOT PLACE,E
B,P-01277478,MARION AVENUE,EAST  193 STREET,EAST FORDHAM ROAD,E
B,P-01277483,WEST KINGSBRIDGE ROAD,JEROME AVENUE,RESERVOIR AVENUE,N
B,P-01277485,WEST KINGSBRIDGE ROAD,RESERVOIR AVENUE,UNIVERSITY AVENUE,N
B,P-01277493,WEST KINGSBRIDGE ROAD,WEBB AVENUE,SEDGWICK AVENUE,N
B,P-01277495,WEST KINGSBRIDGE ROAD,AQUEDUCT AVENUE WEST,GRAND AVENUE,S
B,P-01277497,WEST KINGSBRIDGE ROAD,DAVIDSON AVENUE,JEROME AVENUE,S
B,P-01277500,WEST KINGSBRIDGE ROAD,GRAND AVENUE,DAVIDSON AVENUE,S
B,P-01277503,WEST KINGSBRIDGE ROAD,UNIVERSITY AVENUE,AQUEDUCT AVENUE,S
B,P-01277505,WEST KINGSBRIDGE ROAD,WEBB AVENUE,UNIVERSITY AVENUE,S
B,P-01277669,WALTON AVENUE,EAST  171 STREET,EAST  170 STREET,E
B,P-01277671,WALTON AVENUE,EAST  161 STREET,EAST  158 STREET,W
B,P-01277674,WALTON AVENUE,EAST  164 STREET,EAST  161 STREET,W
B,P-01277686,EAST  146 STREET,WALTON AVENUE,GERARD AVENUE,N
B,P-01277688,WALTON AVENUE,EAST  170 STREET,ELLIOT PLACE,W
B,P-01277696,THIRD AVENUE,EAST  155 STREET,EAST  154 STREET,W
B,P-01277710,THIRD AVENUE,EAST  156 STREET,EAST  155 STREET,W
B,P-01277725,EAST TREMONT AVENUE,THIRD AVENUE,ARTHUR AVENUE,S
B,P-01277765,EAST  138 STREET,BROOK AVENUE,ST ANNS AVENUE,S
B,P-01277788,EDWARD L GRANT HIGHWAY,JESUP AVENUE,SHAKESPEARE AVENUE,E
B,P-01277915,WALTON AVENUE,EAST  171 STREET,EAST  170 STREET,W
B,P-01277953,WYTHE PLACE,EAST  170 STREET,EAST  171 STREET,E
B,P-01277988,WYTHE PLACE,EAST  171 STREET,EAST  170 STREET,W
B,P-01277993,EAST  146 STREET,GERARD AVENUE,WALTON AVENUE,S
B,P-01278806,WESTCHESTER AVENUE,CROSBY AVENUE,HOBART AVENUE,E
B,P-01278811,WESTCHESTER AVENUE,FERRIS PLACE,EAST TREMONT AVENUE,E
B,P-01278830,WESTCHESTER AVENUE,SANDS PLACE,WILKINSON AVENUE,E
B,P-01278831,EAST  149 STREET,COURTLANDT AVENUE,MORRIS AVENUE,N
B,P-01278832,WESTCHESTER AVENUE,BEACH AVENUE,TAYLOR AVENUE,S
B,P-01278833,EAST  149 STREET,GRAND CONCOURSE,WALTON AVENUE,N
B,P-01278839,EAST  149 STREET,MELROSE AVENUE,COURTLANDT AVENUE,N
B,P-01278846,EAST  149 STREET,MORRIS AVENUE,PARK AVENUE,N
B,P-01278890,EAST  149 STREET,BERGEN AVENUE,BROOK AVENUE,S
B,P-01278998,WESTCHESTER AVENUE,BOYNTON AVENUE,WARD AVENUE,S
B,P-01279000,WESTCHESTER AVENUE,CASTLE HILL AVENUE,HAVEMEYER AVENUE,S
B,P-01279005,WESTCHESTER AVENUE,CONTINENTAL AVENUE,BRUCKNER BOULEVARD,S
B,P-01279007,WESTCHESTER AVENUE,COLGATE AVENUE,EVERGREEN AVENUE,S
B,P-01279030,JEROME AVENUE,WEST  195 STREET,WEST KINGSBRIDGE ROAD,W
B,P-01279422,EAST  149 STREET,WALTON AVENUE,GRAND CONCOURSE,S
B,P-01279429,EAST  149 STREET,COURTLANDT AVENUE,THIRD AVENUE,S
B,P-01279458,EAST  149 STREET,MORRIS AVENUE,COURTLANDT AVENUE,S
B,P-01279464,EAST  149 STREET,PARK AVENUE,MORRIS AVENUE,S
B,P-01279474,EAST  161 STREET,SHERIDAN AVENUE,GRAND CONCOURSE,N
B,P-01279476,EAST  161 STREET,GRAND CONCOURSE,CONCOURSE VILLAGE WEST,S
B,P-01279478,EAST  161 STREET*N RDWY,GRAND CONCOURSE,WALTON AVENUE,N
B,P-01279484,EAST  161 STREET*N RDWY,WALTON AVENUE,GERARD AVENUE,N
B,P-01279597,EAST  161 STREET*S RDWY,GERARD AVENUE,WALTON AVENUE,S
B,P-01279602,EAST  161 STREET*S RDWY,RIVER AVENUE,GERARD AVENUE,S
B,P-01279615,GRAND CONCOURSE,EAST  144 STREET,EAST  149 STREET,E
B,P-01279624,GRAND CONCOURSE,EAST  149 STREET,EAST  150 STREET,E
B,P-01279626,GRAND CONCOURSE,EAST  150 STREET,EAST  153 STREET,E
B,P-01279799,WESTCHESTER AVENUE,CROSS BRONX EXPRESSWAY,PUGSLEY AVENUE,S
B,P-01279800,WESTCHESTER AVENUE,ELDER AVENUE,BOYNTON AVENUE,S
B,P-01279809,WESTCHESTER AVENUE,EVERGREEN AVENUE,WHEELER AVENUE,S
B,P-01279828,WESTCHESTER AVENUE,HAVEMEYER AVENUE,PARKER STREET,S
B,P-01279831,ALLERTON AVENUE,CRUGER AVENUE,WHITE PLAINS ROAD,N
B,P-01279836,ALLERTON AVENUE,HOLLAND AVENUE,CRUGER AVENUE,N
B,P-01279839,ALLERTON AVENUE,HONE AVENUE,PAULDING AVENUE,N
B,P-01279849,ALLERTON AVENUE,MATTHEWS AVENUE,BARNES AVENUE,N
B,P-01279850,ALLERTON AVENUE,OLINVILLE AVENUE,BARKER AVENUE,N
B,P-01279854,ALLERTON AVENUE,WALLACE AVENUE,HOLLAND AVENUE,N
B,P-01279860,ALLERTON AVENUE,WHITE PLAINS ROAD,OLINVILLE AVENUE,N
B,P-01279904,WHITE PLAINS ROAD,EAST  219 STREET,EAST  220 STREET,E
B,P-01279906,ALLERTON AVENUE,BARKER AVENUE,OLINVILLE AVENUE,S
B,P-01279909,ALLERTON AVENUE,BARNES AVENUE,BOSTON ROAD,S
B,P-01279914,ALLERTON AVENUE,CRUGER AVENUE,HOLLAND AVENUE,S
B,P-01279926,ALLERTON AVENUE,HOLLAND AVENUE,WALLACE AVENUE,S
B,P-01279928,ALLERTON AVENUE,OLINVILLE AVENUE,WHITE PLAINS ROAD,S
B,P-01279930,ALLERTON AVENUE,PAULDING AVENUE,HONE AVENUE,S
B,P-01279932,ALLERTON AVENUE,WALLACE AVENUE,BARNES AVENUE,S
B,P-01279934,ALLERTON AVENUE,WHITE PLAINS ROAD,CRUGER AVENUE,S
B,P-01279937,WHITE PLAINS ROAD,ADEE AVENUE,BURKE AVENUE,E
B,P-01279938,WHITE PLAINS ROAD,ALLERTON AVENUE,ARNOW AVENUE,E
B,P-01280048,GRAND CONCOURSE,EAST  144 STREET,EAST  140 STREET,W
B,P-01280326,GRAND CONCOURSE,EAST  149 STREET,EAST  144 STREET,W
B,P-01280328,GRAND CONCOURSE,EAST  150 STREET,EAST  149 STREET,W
B,P-01280330,MELROSE AVENUE,EAST  150 STREET,EAST  151 STREET,E
B,P-01280332,MELROSE AVENUE,EAST  151 STREET,EAST  152 STREET,E
B,P-01280550,WHITE PLAINS ROAD,ARNOW AVENUE,ADEE AVENUE,E
B,P-01280552,WHITE PLAINS ROAD,BURKE AVENUE,ROSEWOOD STREET,E
B,P-01280554,WHITE PLAINS ROAD,PELHAM PARKWAY NORTH,ASTOR AVENUE,E
B,P-01280555,WESTCHESTER AVENUE,HOBART AVENUE,MAHAN AVENUE,S
B,P-01280556,WHITE PLAINS ROAD,ADEE AVENUE,ARNOW AVENUE,W
B,P-01280559,WESTCHESTER AVENUE,MANOR AVENUE,STRATFORD AVENUE,S
B,P-01280560,WESTCHESTER AVENUE,MORRISON AVENUE,HARROD PLACE,S
B,P-01280572,WHITE PLAINS ROAD,ALLERTON AVENUE,MACE AVENUE,W
B,P-01280573,WHITE PLAINS ROAD,ARNOW AVENUE,BRITTON STREET,W
B,P-01280575,WHITE PLAINS ROAD,THWAITES PLACE,PELHAM PARKWAY NORTH,W
B,P-01280578,WHITE PLAINS ROAD,BRITTON STREET,ALLERTON AVENUE,W
B,P-01280580,WHITE PLAINS ROAD,ROSEWOOD STREET,BURKE AVENUE,W
B,P-01280581,WESTCHESTER AVENUE,OLMSTEAD AVENUE,CASTLE HILL AVENUE,S
B,P-01280582,EAST  184 STREET,VALENTINE AVENUE,RYER AVENUE,N
B,P-01280611,THIRD AVENUE,EAST  137 STREET,EAST  136 STREET,E
B,P-01280612,THIRD AVENUE,EAST  138 STREET,EAST  137 STREET,W
B,P-01280613,BROOK AVENUE,EAST  138 STREET,EAST  137 STREET,E
B,P-01280621,BROOK AVENUE,EAST  139 STREET,EAST  138 STREET,E
B,P-01280624,BROOK AVENUE,EAST  138 STREET,EAST  137 STREET,W
B,P-01280630,BROOK AVENUE,EAST  139 STREET,EAST  138 STREET,W
B,P-01280800,WESTCHESTER AVENUE,PILGRIM AVENUE,EDISON AVENUE,S
B,P-01280804,BRUCKNER BOULEVARD,ALEXANDER AVENUE,LINCOLN AVENUE,N
B,P-01280806,NEWBOLD AVENUE,CASTLEHILL AVENUE,HAVEMEYER AVENUE,S
B,P-01280825,CAMBRELENG AVENUE,EAST FORDHAM ROAD,DEAD END,E
B,P-01280836,EAST  184 STREET,GRAND CONCOURSE,RYER AVENUE,S
B,P-01280853,EAST  188 STREET,TIEBOUT AVENUE,ELM PLACE,N
B,P-01280856,EAST  188 STREET,VALENTINE AVENUE,TIEBOUT AVENUE,N
B,P-01280877,BRUCKNER BOULEVARD,WILLIS AVENUE,ALEXANDER AVENUE,N
B,P-01280921,GRAND CONCOURSE*E S/R,EAST  183 STREET,FIELD PLACE,E
B,P-01280989,WESTCHESTER AVENUE,SEABURY AVENUE,COMMERCE AVENUE,S
B,P-01280995,WESTCHESTER AVENUE,SAINT LAWRENCE AVENUE,BEACH AVENUE,S
B,P-01281028,WESTCHESTER AVENUE,WARD AVENUE,MANOR AVENUE,S
B,P-01281033,EAST  138 STREET,BROOK AVENUE,WILLIS AVENUE,N
B,P-01281034,EAST  138 STREET,ST ANNS AVENUE,BROOK AVENUE,N
B,P-01281041,EAST  138 STREET,WILLIS AVENUE,ALEXANDER AVENUE,N
B,P-01281058,EAST  138 STREET,BROWN PLACE,BROOK AVENUE,S
B,P-01281060,LINCOLN AVENUE,EAST  137 STREET,EAST  136 STREET,W
B,P-01281067,MORRIS AVENUE,CONCOURSE VILLAGE EAST,EAST  153 STREET,W
B,P-01281191,WESTCHESTER AVENUE,HOBART AVENUE*N RDWY,HOBART AVENUE*S RDWY,W
B,P-01281194,WESTCHESTER AVENUE,ST THERESA AVENUE,HOBART AVENUE,W
B,P-01281195,WESTCHESTER AVENUE,WILKINSON AVENUE,SAINT THERESA AVENUE,W
B,P-01281198,WESTCHESTER AVENUE,BEACH AVENUE,SAINT LAWRENCE AVENUE,N
B,P-01281218,WESTCHESTER AVENUE,GLEBE AVENUE,CASTLE HILL AVENUE,N
B,P-01281235,MORRIS AVENUE,EAST  150 STREET,EAST  151 STREET,E
B,P-01281246,WALTON AVENUE,EAST  149 STREET,EAST  146 STREET,W
B,P-01281247,WALTON AVENUE,EAST  146 STREET,EAST  144 STREET,W
B,P-01281249,WILLIS AVENUE,EAST  139 STREET,EAST  138 STREET,W
B,P-01281339,WESTCHESTER AVENUE,EAST  165 STREET,HOE AVENUE,S
B,P-01281414,BRUCKNER BOULEVARD,CASTLEHILL AVENUE,OLMSTEAD AVENUE,N
B,P-01281633,BRUCKNER BOULEVARD,CROSBY AVENUE,EDISON AVENUE,N
B,P-01281635,BRUCKNER BOULEVARD,EAST TREMONT AVENUE,EDISON AVENUE,S
B,P-01281655,BRUCKNER BOULEVARD,WILKINSON AVENUE,SANDS PLACE,W
B,P-01281659,BRUCKNER BOULEVARD*S,REVERE AVENUE,EAST TREMONT AVENUE,S
B,P-01281660,BRUCKNER BOULEVARD*S S/R,EDISON AVENUE,LOGAN AVENUE,S
B,P-01281662,CASTLE HILL AVENUE,BRUCKNER BOULEVARD,CHATTERTON AVENUE,E
B,P-01281665,CASTLE HILL AVENUE,BRUCKNER BOULEVARD*S RDWY,BRUCKNER BOULEVARD*N RDWY,E
B,P-01281666,CASTLE HILL AVENUE,ELLIS AVENUE,NEWBOLD AVENUE,E
B,P-01281669,WESTCHESTER AVENUE,SOUTHERN BOULEVARD,HOE AVENUE,S
B,P-01281672,CASTLE HILL AVENUE,HAVILAND AVENUE,POWELL AVENUE,E
B,P-01281771,CASTLE HILL AVENUE,LYON AVENUE,STARLING AVENUE,E
B,P-01281776,CASTLE HILL AVENUE,NEWBOLD AVENUE,WESTCHESTER AVENUE,E
B,P-01281790,CASTLE HILL AVENUE,POWELL AVENUE,GLEASON AVENUE,E
B,P-01281792,CASTLE HILL AVENUE,STARLING AVENUE,MANNING STREET,E
B,P-01281802,CASTLE HILL AVENUE,WESTCHESTER AVENUE,LYON AVENUE,E
B,P-01281808,CASTLE HILL AVENUE,BRUCKNER BOULEVARD,QUIMBY AVENUE,W
B,P-01281810,CASTLE HILL AVENUE,BRUCKNER BOULEVARD*N RDWY,BRUCKNER BOULEVARD*S RDWY,W
B,P-01281818,CASTLE HILL AVENUE,CHATTERTON AVENUE,BRUCKNER BOULEVARD,W
B,P-01281820,CASTLE HILL AVENUE,ELLIS AVENUE,GLEASON AVENUE,W
B,P-01281822,CASTLE HILL AVENUE,GLEASON AVENUE,POWELL AVENUE,W
B,P-01281940,WEBSTER AVENUE,EAST TREMONT AVENUE,EAST  176 STREET,W
B,P-01281950,THIRD AVENUE,ELTON AVENUE,EAST  152 STREET,W
B,P-01281955,BERGEN AVENUE,WESTCHESTER AVENUE,EAST  152 STREET,E
B,P-01281956,BERGEN AVENUE,WESTCHESTER AVENUE,EAST  152 STREET,W
B,P-01281963,COURTLANDT AVENUE,EAST  149 STREET,EAST  150 STREET,E
B,P-01281966,COURTLANDT AVENUE,EAST  149 STREET,EAST  150 STREET,W
B,P-01281967,EAST  151 STREET,MELROSE AVENUE,THIRD AVENUE,N
B,P-01281968,EAST  151 STREET,MELROSE AVENUE,THIRD AVENUE,S
B,P-01281973,EAST  152 STREET,BERGEN AVENUE,THIRD AVENUE,N
B,P-01281975,EAST  152 STREET,THIRD AVENUE,MELROSE AVENUE,S
B,P-01281980,EAST  152 STREET,BERGEN AVENUE,THIRD AVENUE,S
B,P-01281983,EAST  153 STREET,BERGEN AVENUE,THIRD AVENUE,N
B,P-01282297,COURTLANDT AVENUE,EAST  149 STREET,EAST  148 STREET,E
B,P-01282341,COURTLANDT AVENUE,EAST  149 STREET,EAST  148 STREET,W
B,P-01282451,CASTLE HILL AVENUE,NEWBOLD AVENUE,ELLIS AVENUE,W
B,P-01282455,CASTLE HILL AVENUE,QUIMBY AVENUE,STORY AVENUE,W
B,P-01282460,CASTLE HILL AVENUE,STARLING AVENUE,WESTCHESTER AVENUE,W
B,P-01282464,CASTLE HILL AVENUE,WESTCHESTER AVENUE,NEWBOLD AVENUE,W
B,P-01282465,HONE AVENUE,MORRIS PARK AVENUE,RHINELANDER AVENUE,E
B,P-01282648,BOYNTON AVENUE,WESTCHESTER AVENUE,WATSON AVENUE,E
B,P-01282655,BOYNTON AVENUE,EAST  172 STREET,WESTCHESTER AVENUE,W
B,P-01282657,BOYNTON AVENUE,WESTCHESTER AVENUE,WATSON AVENUE,W
B,P-01282983,   3 AVENUE,CROSS BRONX EXPRESSWAY,EAST TREMONT AVENUE,E
B,P-01282986,   3 AVENUE,EAST TREMONT AVENUE,EAST  178 STREET,E
B,P-01282988,   3 AVENUE,EAST  178 STREET,EAST TREMONT AVENUE,W
B,P-01283199,ARNOW AVENUE,WHITE PLAINS ROAD,BRONX PARK EAST,N
B,P-01283211,ARNOW AVENUE,OLINVILLE AVENUE,WHITE PLAINS ROAD,S
B,P-01283217,BURKE AVENUE,BARNES AVENUE,WALLACE AVENUE,N
B,P-01283221,BURKE AVENUE,BRONXWOOD AVENUE,BARNES AVENUE,N
B,P-01283225,BURKE AVENUE,CRUGER AVENUE,WHITE PLAINS ROAD,N
B,P-01283231,BURKE AVENUE,HOLLAND AVENUE,CRUGER AVENUE,N
B,P-01283233,BURKE AVENUE,WALLACE AVENUE,HOLLAND AVENUE,N
B,P-01283244,BURKE AVENUE,BARNES AVENUE,MATTHEWS AVENUE,S
B,P-01283246,BURKE AVENUE,CRUGER AVENUE,HOLLAND AVENUE,S
B,P-01283248,BURKE AVENUE,HOLLAND AVENUE,WALLACE AVENUE,S
B,P-01283252,BURKE AVENUE,WALLACE AVENUE,BARNES AVENUE,S
B,P-01283261,BURKE AVENUE,WHITE PLAINS ROAD,CRUGER AVENUE,S
B,P-01283292,CRUGER AVENUE,ALLERTON AVENUE,ARNOW AVENUE,E
B,P-01283293,CRUGER AVENUE,MACE AVENUE,ALLERTON AVENUE,E
B,P-01283297,CRUGER AVENUE,ALLERTON AVENUE,MACE AVENUE,W
B,P-01283301,CRUGER AVENUE,ARNOW AVENUE,ALLERTON AVENUE,W
B,P-01283304,HOLLAND AVENUE,ALLERTON AVENUE,ARNOW AVENUE,E
B,P-01283308,HOLLAND AVENUE,BOSTON ROAD,ALLERTON AVENUE,E
B,P-01283309,HOLLAND AVENUE,BOSTON ROAD,ALLERTON AVENUE,W
B,P-01283310,MATTHEWS AVENUE,BOSTON ROAD,ARNOW AVENUE,E
B,P-01283311,MATTHEWS AVENUE,ALLERTON AVENUE,ARNOW AVENUE,W
B,P-01283312,OLINVILLE AVENUE,ALLERTON AVENUE,BRITTON STREET,E
B,P-01283315,OLINVILLE AVENUE,MACE AVENUE,ALLERTON AVENUE,E
B,P-01283316,OLINVILLE AVENUE,ALLERTON AVENUE,BRITTON STREET,W
B,P-01283318,OLINVILLE AVENUE,MACE AVENUE,ALLERTON AVENUE,W
B,P-01283320,WALLACE AVENUE,ALLERTON AVENUE,BOSTON ROAD,W
B,P-01283651,WEST  234 STREET,BAILEY AVENUE,BROADWAY,S
B,P-01283666,EAST GUN HILL ROAD,BAINBRIDGE AVENUE,ROCHAMBEAU AVENUE,N
B,P-01283670,EAST GUNHILL ROAD,DECATUR AVENUE,HULL AVENUE,N
B,P-01283676,EAST GUNHILL ROAD,DEKALB AVENUE,JEROME AVENUE,N
B,P-01283677,EAST GUN HILL ROAD,KINGS COLLEGE PLACE,TRYON AVENUE,N
B,P-01283680,EAST GUN HILL ROAD,PUTNAM PLACE,KINGS COLLEGE PLACE,N
B,P-01283681,EAST GUN HILL ROAD,ROCHAMBEAU AVENUE,DEKALB AVENUE,N
B,P-01283684,EAST GUN HILL ROAD,WAYNE AVENUE,BAINBRIDGE AVENUE,N
B,P-01283685,VALENTINE AVENUE,EAST FORDHAM ROAD,EAST  188 STREET,W
B,P-01283686,BAYCHESTER AVENUE,TILLOTSON AVENUE,BOSTON ROAD,E
B,P-01283687,EAST GUN HILL ROAD,BAINBRIDGE AVENUE,WAYNE AVENUE,S
B,P-01283688,BAYCHESTER AVENUE,BOSTON ROAD,GIVAN AVENUE,W
B,P-01283690,EAST GUNHILL ROAD,DECATUR AVENUE,WEBSTER AVENUE,S
B,P-01283691,BRONX BOULEVARD,EAST  234 STREET,EAST  236 STREET,E
B,P-01283694,BRONX BOULEVARD,EAST  236 STREET,EAST  233 STREET,W
B,P-01283695,EAST GUNHILL ROAD,DEKALB AVENUE,BAINBRIDGE AVENUE,S
B,P-01283696,BRONX BOULEVARD,EAST  237 STREET,EAST  236 STREET,W
B,P-01283704,EAST GUNHILL ROAD,JEROME AVENUE,DEKALB AVENUE,S
B,P-01283706,EAST GUN HILL ROAD,PERRY AVENUE,HULL AVENUE,S
B,P-01283712,EAST GUN HILL ROAD,TRYON AVENUE,PUTNAM PLACE,S
B,P-01283738,JEROME AVENUE,EAST  212 STREET,EAST  213 STREET,E
B,P-01283784,JEROME AVENUE,EAST GUNHILL ROAD,EAST  212 STREET,E
B,P-01283787,JEROME AVENUE,EAST MOSHOLU PARKWAY NORTH,EAST  208 STREET,E
B,P-01283788,JEROME AVENUE,VAN CORTLANDT PARK*EXIT,WEST GUNHILL ROAD,W
B,P-01283792,JEROME AVENUE,WEST GUN HILL ROAD,WEST MOSHOLU PARKWAY NORTH,W
B,P-01283794,WEST GUN HILL ROAD,JEROME AVENUE,MOSHOLU PARKWAY EN NB,N
B,P-01283798,WEST GUNHILL ROAD,KNOX PLACE,JEROME AVENUE,S
B,P-01283970,BEDFORD PARK BOULEVARD,WEBSTER AVENUE,DECATUR AVENUE,N
B,P-01283976,BEDFORD PARK BOULEVARD,DECATUR AVENUE,WEBSTER AVENUE,S
B,P-01284079,STRATFORD AVENUE,WATSON AVENUE,WESTCHESTER AVENUE,E
B,P-01284081,STRATFORD AVENUE,WESTCHESTER AVENUE,EAST  172 STREET,E
B,P-01284087,STRATFORD AVENUE,WATSON AVENUE,WESTCHESTER AVENUE,W
B,P-01284103,STRATFORD AVENUE,WESTCHESTER AVENUE,EAST  172 STREET,W
B,P-01284288,WARD AVENUE,WATSON AVENUE,WESTCHESTER AVENUE,E
B,P-01284301,WARD AVENUE,WESTCHESTER AVENUE,EAST  172 STREET,E
B,P-01284421,WHITE PLAINS ROAD,EAST  211 STREET,EAST  212 STREET,E
B,P-01284471,DECATUR AVENUE,EAST FORDHAM ROAD,EAST  193 STREET,E
B,P-01284476,MARION AVENUE,EAST  193 STREET,EAST FORDHAM ROAD,W
B,P-01284480,WARD AVENUE,WATSON AVENUE,WESTCHESTER AVENUE,W
B,P-01284482,WARD AVENUE,WESTCHESTER AVENUE,EAST  172 STREET,W
B,P-01284547,EAST TREMONT AVENUE,WILLIAMSBRIDGE ROAD,ST RAYMOND AVENUE,E
B,P-01284570,WHITE PLAINS ROAD,EAST  231 STREET,EAST  232 STREET,E
B,P-01284571,BROADWAY,VAN CORTLANDT PARK SOUTH,MANSION STREET,E
B,P-01284577,WHEELER AVENUE,EAST  172 STREET,WESTCHESTER AVENUE,E
B,P-01284579,WHITE PLAINS ROAD,EAST  230 STREET,EAST  231 STREET,E
B,P-01284580,BROADWAY,VERVEELEN PLACE,WEST  231 STREET,E
B,P-01284581,WHEELER AVENUE,WESTCHESTER AVENUE,WATSON AVENUE,E
B,P-01284583,WHEELER AVENUE,EAST  172 STREET,WESTCHESTER AVENUE,W
B,P-01284584,WHEELER AVENUE,WESTCHESTER AVENUE,WATSON AVENUE,W
B,P-01284586,BROADWAY,WEST  225 STREET,EXTERIOR STREET,E
B,P-01284587,BROADWAY,WEST  231 STREET,WEST  233 STREET,E
B,P-01284594,BROADWAY,WEST  233 STREET,WEST  234 STREET,E
B,P-01284599,BROADWAY,WEST  234 STREET,WEST  236 STREET,E
B,P-01284604,BROADWAY,WEST  238 STREET,WEST  239 STREET,E
B,P-01284612,BROADWAY,KIMBERLY PLACE,WEST  230 STREET,W
B,P-01284616,BEDFORD PARK BOULEVARD,GRAND CONCOURSE,VILLA AVENUE,N
B,P-01284618,BROADWAY,MANH COLLEGE PARKWAY*S RDWY,WEST  242 STREET,W
B,P-01284619,BEDFORD PARK BOULEVARD,PAUL AVENUE,GOULDEN AVENUE,N
B,P-01284625,BROADWAY,WEST  228 STREET,WEST  225 STREET,W
B,P-01284629,BEDFORD PARK BOULEVARD,VILLA AVENUE,JEROME AVENUE,N
B,P-01284635,BEDFORD PARK BOULEVARD,JEROME AVENUE,GRAND CONCOURSE,S
B,P-01284637,ARTHUR AVENUE,EAST  187 STREET,EAST  186 STREET,E
B,P-01284640,ARTHUR AVENUE,EAST  188 STREET,EAST  187 STREET,E
B,P-01284643,ARTHUR AVENUE,EAST  189 STREET,EAST  188 STREET,E
B,P-01284647,BROADWAY,WEST  231 STREET,KIMBERLY PLACE,W
B,P-01284652,ARTHUR AVENUE,EAST TREMONT AVENUE,EAST  178 STREET,E
B,P-01284655,BROADWAY,WEST  232 STREET,WEST  231 STREET,W
B,P-01284663,ARTHUR AVENUE,EAST  187 STREET,EAST  184 STREET,W
B,P-01284669,BROADWAY,WEST  233 STREET,WEST  232 STREET,W
B,P-01284670,ARTHUR AVENUE,EAST  188 STREET,EAST  187 STREET,W
B,P-01284671,ARTHUR AVENUE,EAST  189 STREET,EAST  188 STREET,W
B,P-01284672,ARTHUR AVENUE,EAST TREMONT AVENUE,EAST  178 STREET,W
B,P-01284673,BROADWAY,WEST  234 STREET,WEST  233 STREET,W
B,P-01284675,BELMONT AVENUE,EAST  187 STREET,EAST  186 STREET,E
B,P-01284676,BELMONT AVENUE,EAST  188 STREET,EAST  187 STREET,E
B,P-01284677,BROADWAY,WEST  240 STREET,WEST  238 STREET,W
B,P-01284686,BELMONT AVENUE,EAST FORDHAM ROAD,EAST  189 STREET,E
B,P-01284688,BELMONT AVENUE,DEAD END,EAST FORDHAM ROAD,W
B,P-01284689,BELMONT AVENUE,EAST  187 STREET,EAST  186 STREET,W
B,P-01284690,BELMONT AVENUE,EAST  188 STREET,EAST  187 STREET,W
B,P-01284759,BAINBRIDGE AVENUE,EAST  205 STREET,EAST  206 STREET,E
B,P-01284769,BROADWAY,WEST  242 STREET,WEST  240 STREET,W
B,P-01284777,BAINBRIDGE AVENUE,EAST  207 STREET,RESERVOIR OVAL EAST,E
B,P-01284778,BROADWAY,WEST  251 STREET,MANHATTAN COLLEGE PKWY*N RDWY,W
B,P-01284812,BAINBRIDGE AVENUE,EAST  206 STREET,EAST  205 STREET,W
B,P-01284815,BELMONT AVENUE,EAST FORDHAM ROAD,EAST  189 STREET,W
B,P-01284818,BAINBRIDGE AVENUE,VAN CORTLANDT AVENUE EAST,EAST  206 STREET,W
B,P-01284825,CAMBRELENG AVENUE,EAST  187 STREET,EAST  188 STREET,E
B,P-01284829,DECATUR AVENUE,EAST  204 STREET,EAST  205 STREET,E
B,P-01284832,DECATUR AVENUE,EAST MOSHOLU PARKWAY NORTH,EAST  204 STREET,E
B,P-01284833,DECATUR AVENUE,EAST  204 STREET,EAST  205 STREET,W
B,P-01284841,CAMBRELENG AVENUE,EAST  187 STREET,EAST  188 STREET,W
B,P-01284846,CEDAR AVENUE,LANDING ROAD,WEST FORDHAM ROAD,E
B,P-01284860,CEDAR AVENUE,LANDING ROAD,WEST FORDHAM ROAD,W
B,P-01284870,EAST  186 STREET,HUGHES AVENUE,BELMONT AVENUE,S
B,P-01284911,BAINBRIDGE AVENUE,EAST FORDHAM ROAD,EAST  193 STREET,E
B,P-01284914,DEKALB AVENUE,EAST GUNHILL ROAD,EAST  212 STREET,E
B,P-01284919,DEKALB AVENUE,KOSSUTH AVENUE,EAST GUN HILL ROAD,E
B,P-01284922,DEKALB AVENUE,EAST GUNHILL ROAD,EAST  208 STREET,W
B,P-01284936,STEUBEN AVENUE,EAST  208 STREET,EAST  210 STREET,E
B,P-01284942,ARTHUR AVENUE,EAST  186 STREET,CRESCENT AVENUE,E
B,P-01284950,STEUBEN AVENUE,EAST  208 STREET,EAST  210 STREET,W
B,P-01284954,WEST MOSHOLU PARKWAY NORTH,JEROME AVENUE,KNOX PLACE,N
B,P-01284959,WEST MOSHOLU PARKWAY NORTH,WEST GUN HILL ROAD,JEROME AVENUE,S
B,P-01284962,WEBSTER AVENUE,EAST  204 STREET,EAST GUN HILL ROAD,E
B,P-01285159,CRESCENT AVENUE,HUGHES AVENUE,ARTHUR AVENUE,N
B,P-01285165,CRESCENT AVENUE,ADAMS PLACE,HUGHES AVENUE,S
B,P-01285182,CRESCENT AVENUE,ARTHUR AVENUE,ADAMS PLACE,S
B,P-01285185,CRESCENT AVENUE,BELMONT AVENUE,CAMBRELENG AVENUE,S
B,P-01285191,BOSTON ROAD,BOUCK AVENUE,WILSON AVENUE,E
B,P-01285195,EAST  187 STREET,ARTHUR AVENUE,HOFFMAN STREET,N
B,P-01285201,BOSTON ROAD,FENTON AVENUE,CORSA AVENUE,E
B,P-01285203,BOSTON ROAD,FISH AVENUE,SEYMOUR AVENUE,E
B,P-01285208,BOSTON ROAD,GRACE AVENUE,EDSON AVENUE,E
B,P-01285210,BOSTON ROAD,WILSON AVENUE,FISH AVENUE,E
B,P-01285212,BOSTON ROAD,SEYMOUR AVENUE,FENTON AVENUE,S
B,P-01285222,BOSTON ROAD,CORSA AVENUE,FENTON AVENUE,W
B,P-01285224,BOSTON ROAD,DEREIMER AVENUE,BAYCHESTER AVENUE,W
B,P-01285279,BOSTON ROAD,EASTCHESTER ROAD,CORSA AVENUE,W
B,P-01285280,BOSTON ROAD,EDSON AVENUE,GRACE AVENUE,W
B,P-01285281,BOSTON ROAD,FENTON AVENUE,SEYMOUR AVENUE,W
B,P-01285283,BOSTON ROAD,FISH AVENUE,WILSON AVENUE,W
B,P-01285285,BOSTON ROAD,MICKLE AVENUE,EASTCHESTER ROAD,W
B,P-01285286,BOSTON ROAD,SEYMOUR AVENUE,FISH AVENUE,W
B,P-01285289,BOSTON ROAD,WILSON AVENUE,EAST  213 STREET,W
B,P-01285654,WEST FORDHAM ROAD,DAVIDSON AVENUE,GRAND AVENUE,N
B,P-01285659,WEST FORDHAM ROAD,GRAND AVENUE,UNIVERSITY AVENUE,N
B,P-01285663,WEST FORDHAM ROAD,JEROME AVENUE,DAVIDSON AVENUE,N
B,P-01285666,WEST FORDHAM ROAD,CEDAR AVENUE,HAMPDEN PLACE,S
B,P-01285670,WEST FORDHAM ROAD,DAVIDSON AVENUE,JEROME AVENUE,S
B,P-01285671,ARCHER STREET,WHITE PLAINS ROAD,LELAND AVENUE,N
B,P-01285676,WEST FORDHAM ROAD,GRAND AVENUE,DAVIDSON AVENUE,S
B,P-01285682,WEST FORDHAM ROAD,UNIVERSITY AVENUE,GRAND AVENUE,S
B,P-01285791,  METROPOLITAN        AV,  WOOD                RD,  WOOD                AV,W
B,P-01286436,BENEDICT AVENUE,METROPOLITAN AVENUE,PUGSLEY AVENUE,N
B,P-01286439,CROSS BRONX EXPRESSWAY,GLEASON AVENUE,OLMSTEAD AVENUE,S
B,P-01286441,CROSS BRONX EXPRESSWAY*N S/R,HUGH J GRANT CIRCLE,VIRGINIA AVENUE,N
B,P-049703  ,BECK STREET,WESTCHESTER SQUARE,KIRK STREET,W
B,P-075539  ,EAST  161 STREET,MORRIS AVENUE,GRANT AVENUE,N
B,P-076559  ,WESTCHESTER AVENUE,GLOVER STREET,PARKER STREET,S
B,P-089057  ,FEATHERBED LANE,FEATHERBED LANE,NELSON AVENUE,E
B,P-132428  ,EDWARD L GRANT HIGHWAY,CROMWELL AVENUE,WEST  169 STREET,E
B,P-135202  ,THIRD AVENUE,EAST  138 STREET,EAST  137 STREET,E
B,P-149191  ,PLAZA DRIVE,MACOMBS ROAD,WEST  170 STREET,E
B,P-149195  ,PLAZA DRIVE,MACOMBS ROAD,WEST  170 STREET,W
B,P-153594  ,WEST  238 STREET,FIELDSTON ROAD,RIVERDALE AVENUE,N
B,P-162120  ,EAST  161 STREET*N RDWY,GRAND CONCOURSE,WALTON AVENUE,S
B,P-162121  ,EAST  161 STREET*S RDWY,WALTON AVENUE,GRAND CONCOURSE,N
B,P-163211  ,WEST  236 STREET,RIVERDALE AVENUE,CAMBRIDGE AVENUE,N
B,P-175057  ,EAST  141 STREET,BRUCKNER BOULEVARD,WALES AVENUE,N
B,P-175058  ,EAST  141 STREET,WALES AVENUE,CONCORD AVENUE,N
B,P-181696  ,MORRIS AVENUE,EAST  162 STREET,EAST  161 STREET,W
B,P-186001  ,SOUTHERN BOULEVARD,EAST  149 STREET,AVENUE ST JOHN,S
B,P-186319  ,PROSPECT AVENUE,MACY PLACE,WESTCHESTER AVENUE,W
B,P-186922  ,WEST AVENUE,WOOD AVENUE,WOOD ROAD,E
B,P-186923  ,WEST AVENUE,WOOD AVENUE,WOOD ROAD,W
B,P-186948  ,ELTON AVENUE,EAST  161 STREET,WASHINGTON AVENUE,S
B,P-186963  ,WESTCHESTER AVENUE,PROSPECT AVENUE,STEBBINS AVENUE,N
B,P-198797  ,BROOK AVENUE,EAST  150 STREET,EAST  149 STREET,E
B,P-200214  ,A J GRIFFIN PLACE,EAST  149 STREET,EAST  144 STREET,E
B,P-250021  ,EAST GUNHILL ROAD,WEBSTER AVENUE,DECATUR AVENUE,N
B,P-260635  ,DYRE AVENUE,BOSTON ROAD,CONNER STREET,E
B,P-295463  ,EAST TREMONT AVENUE,BATHGATE AVENUE,WASHINGTON AVENUE,N
B,P-297124  ,EAST  187 STREET,BELMONT AVENUE,CAMBRELENG AVENUE,S
B,P-305522  ,WHITE PLAINS ROAD*E RDWY,EAST GUNHILL ROAD,EAST  212 STREET,W
B,P-306694  ,SCOTT PLACE,EDISON AVENUE,EAST TREMONT AVENUE,S
B,P-306695  ,SULLIVAN PLACE,EDISON AVENUE,EAST TREMONT AVENUE,N
B,P-306696  ,SULLIVAN PLACE,EDISON AVENUE,EAST TREMONT AVENUE,S
B,P-308924  ,WHITE PLAINS ROAD,EAST  226 STREET,EAST  225 STREET,W
B,P-315104  ,GRAND CONCOURSE,EAST  173 STREET,EASTBURN AVENUE,E
B,P-320318  ,BARNES AVENUE,PELHAM PARKWAY SOUTH,LYDIG AVENUE,W
B,P-320329  ,HOBART AVENUE,WESTCHESTER AVENUE,ST THERESA AVENUE,W
B,P-322347  ,LYDIG AVENUE,BARNES AVENUE,WALLACE AVENUE,N
B,P-322353  ,EAST  184 STREET,ARTHUR AVENUE,HOFFMAN STREET,N
B,P-325701  ,WHITE PLAINS ROAD*W,EAST  212 STREET,EAST GUN HILL ROAD,E
B,P-327448  ,EAST GUNHILL ROAD,BURKE AVENUE,YOUNG AVENUE,S
B,P-329598  ,EAST KINGSBRIDGE ROAD,CRESTON AVENUE,MORRIS AVENUE,N
B,P-329599  ,EAST KINGSBRIDGE ROAD,MORRIS AVENUE,JEROME AVENUE,N
B,P-329600  ,EAST KINGSBRIDGE ROAD,JEROME AVENUE,MORRIS AVENUE,S
B,P-329602  ,EAST MOSHOLU PARKWAY NORTH,KOSSUTH AVENUE,JEROME AVENUE,N
B,P-329690  ,EAST KINGSBRIDGE ROAD,GRAND CONCOURSE,CRESTON AVENUE,N
B,P-329695  ,EAST  208 STREET,JEROME AVENUE,DEKALB AVENUE,S
B,P-329728  ,EAST KINGSBRIDGE ROAD,EAST  192 STREET,EAST FORDHAM ROAD,W
B,P-330522  ,METROPOLITAN AVENUE,WOOD AVENUE,MCGRAW AVENUE,W
B,P-330648  ,GRAND AVENUE,WEST FORDHAM ROAD,WEST  184 STREET,E
B,P-330656  ,DAVIDSON AVENUE,WEST FORDHAM ROAD,WEST  190 STREET,E
B,P-330657  ,GRAND AVENUE,WEST  190 STREET,WEST FORDHAM ROAD,E
B,P-330658  ,DAVIDSON AVENUE,WEST FORDHAM ROAD,WEST  190 STREET,W
B,P-330663  ,EAST  204 STREET,PERRY AVENUE,EAST  205 STREET,N
B,P-330665  ,WEBSTER AVENUE,EAST GUN HILL ROAD,EAST  233 STREET,E
B,P-330666  ,EAST  204 STREET,HULL AVENUE,DECATUR AVENUE,S
B,P-330667  ,EAST  204 STREET,DECATUR AVENUE,WEBSTER AVENUE,S
B,P-330668  ,PERRY AVENUE,EAST MOSHOLU PARKWAY NORTH,EAST  204 STREET,E
B,P-330669  ,HULL AVENUE,EAST  204 STREET,EAST MOSHOLU PARKWAY NORTH,W
B,P-330670  ,HULL AVENUE,EAST  204 STREET,EAST MOSHOLU PARKWAY NORTH,E
B,P-330671  ,JEROME AVENUE,EAST  190 STREET,EAST  193 STREET,E
B,P-330674  ,EAST  204 STREET,WEBSTER AVENUE,DECATUR AVENUE,N
B,P-330675  ,EAST  204 STREET,DECATUR AVENUE,HULL AVENUE,N
B,P-330684  ,JEROME AVENUE,WEST KINGSBRIDGE ROAD,WEST  192 STREET,W
B,P-330685  ,MORRIS AVENUE,EAST FORDHAM ROAD,EAST  190 STREET,E
B,P-330687  ,EAST  204 STREET,BAINBRIDGE AVENUE,PERRY AVENUE,W
B,P-330729  ,PERRY AVENUE,EAST  204 STREET,EAST  205 STREET,E
B,P-330732  ,JEROME AVENUE,EAST  208 STREET,EAST GUNHILL ROAD,E
B,P-330739  ,EAST  204 STREET,PERRY AVENUE,HULL AVENUE,S
B,P-330742  ,VALENTINE AVENUE,EAST  192 STREET,EAST FORDHAM ROAD,W
B,P-330771  ,EAST FORDHAM ROAD,EAST KINGSBRIDGE ROAD,VALENTINE AVENUE,N
B,P-330839  ,MORRIS PARK AVENUE,BARNES AVENUE,WALLACE AVENUE,N
B,P-330840  ,MORRIS PARK AVENUE,WALLACE AVENUE,HOLLAND AVENUE,N
B,P-330841  ,MORRIS PARK AVENUE,WHITE PLAINS ROAD,VICTOR STREET,N
B,P-330844  ,HONE AVENUE,MORRIS PARK AVENUE,RHINELANDER AVENUE,W
B,P-330846  ,MORRIS PARK AVENUE,MATTHEWS AVENUE,BARNES AVENUE,N
B,P-330847  ,MORRIS PARK AVENUE,PAULDING AVENUE,HONE AVENUE,S
B,P-330848  ,MORRIS PARK AVENUE,HONE AVENUE,LURTING AVENUE,S
B,P-330853  ,MORRIS PARK AVENUE,HUNT AVENUE,WHITE PLAINS ROAD,N
B,P-330856  ,MORRIS PARK AVENUE,WALLACE AVENUE,BARNES AVENUE,S
B,P-330857  ,MORRIS PARK AVENUE,HOLLAND AVENUE,WALLACE AVENUE,S
B,P-330858  ,MORRIS PARK AVENUE,VICTOR STREET,WHITE PLAINS ROAD,S
B,P-330859  ,BRONXDALE AVENUE*E RDWY,EAST TREMONT AVENUE,POPLAR STREET,E
B,P-330864  ,WHITE PLAINS ROAD,LYDIG AVENUE,MARAN PLACE,W
B,P-330865  ,MARAN PLACE,BRONX PARK EAST,WHITE PLAINS ROAD,N
B,P-330866  ,WHITE PLAINS ROAD,MARAN PLACE,BRADY AVENUE,W
B,P-330880  ,LYDIG AVENUE,WHITE PLAINS ROAD,BRONX PARK EAST,S
B,P-330884  ,WHITE PLAINS ROAD,MARAN PLACE,LYDIG AVENUE,E
B,P-330886  ,MARAN PLACE,WHITE PLAINS ROAD,CRUGER AVENUE,S
B,P-330887  ,CRUGER AVENUE,MARAN PLACE,LYDIG AVENUE,W
B,P-330888  ,LYDIG AVENUE,WALLACE AVENUE,HOLLAND AVENUE,S
B,P-330889  ,LYDIG AVENUE,BARNES AVENUE,WALLACE AVENUE,S
B,P-330890  ,LYDIG AVENUE,HOLLAND AVENUE,CRUGER AVENUE,S
B,P-330892  ,WILLIAMSBRIDGE ROAD,NEILL AVENUE,RHINELANDER AVENUE,W
B,P-330893  ,WILLIAMSBRIDGE ROAD,NEILL AVENUE,LYDIG AVENUE,E
B,P-330894  ,MORRIS PARK AVENUE,COLDEN AVENUE,RADCLIFF AVENUE,N
B,P-330895  ,MORRIS PARK AVENUE,COLDEN AVENUE,PAULDING AVENUE,S
B,P-330896  ,MORRIS PARK AVENUE,PAULDING AVENUE,COLDEN AVENUE,N
B,P-330900  ,LYDIG AVENUE,CRUGER AVENUE,WHITE PLAINS ROAD,N
B,P-330901  ,LYDIG AVENUE,HOLLAND AVENUE,CRUGER AVENUE,N
B,P-330903  ,WHITE PLAINS ROAD,LYDIG AVENUE,PELHAM PARKWAY,E
B,P-330905  ,MORRIS PARK AVENUE,HAIGHT AVENUE,LURTING AVENUE,N
B,P-330906  ,MORRIS PARK AVENUE,TOMLINSON AVENUE,WILLIAMSBRIDGE ROAD,S
B,P-330907  ,WILLIAMSBRIDGE ROAD,LYDIG AVENUE,NEILL AVENUE,W
B,P-330909  ,LYDIG AVENUE,WALLACE AVENUE,HOLLAND AVENUE,N
B,P-330910  ,LYDIG AVENUE,WHITE PLAINS ROAD,BOLTON STREET,N
B,P-330911  ,LYDIG AVENUE,BOLTON STREET,BRONX PARK EAST,N
B,P-330912  ,WHITE PLAINS ROAD,PELHAM PARKWAY SOUTH,LYDIG AVENUE,W
B,P-330927  ,WILLIAMSBRIDGE ROAD,MORRIS PARK AVENUE,RHINELANDER AVENUE,E
B,P-331156  ,MARAN PLACE,WHITE PLAINS ROAD,CRUGER AVENUE,N
B,P-331157  ,CRUGER AVENUE,LYDIG AVENUE,PELHAM PARKWAY SOUTH,E
B,P-331160  ,LYDIG AVENUE,CRUGER AVENUE,WHITE PLAINS ROAD,S
B,P-331163  ,WILLIAMSBRIDGE ROAD,RHINELANDER AVENUE,NEILL AVENUE,E
B,P-331165  ,MORRIS PARK AVENUE,WILLIAMSBRIDGE ROAD,TOMLINSON AVENUE,N
B,P-331166  ,MORRIS PARK AVENUE,RADCLIFF AVENUE,COLDEN AVENUE,S
B,P-331167  ,HOLLAND AVENUE,LYDIG AVENUE,BRADY AVENUE,E
B,P-331171  ,EASTCHESTER ROAD,SEMINOLE STREET,MC DONALD STREET,E
B,P-331174  ,MORRIS PARK AVENUE,HONE AVENUE,PAULDING AVENUE,N
B,P-331212  ,ASTOR AVENUE,HOLLAND AVENUE,CRUGER AVENUE,N
B,P-331550  ,EAST  187 STREET,HUGHES AVENUE,ARTHUR AVENUE,N
B,P-331556  ,HUGHES AVENUE,EAST  189 STREET,EAST FORDHAM ROAD,E
B,P-331557  ,HOFFMAN STREET,EAST  189 STREET,EAST FORDHAM ROAD,E
B,P-331558  ,HUGHES AVENUE,EAST  189 STREET,EAST FORDHAM ROAD,W
B,P-331560  ,EAST TREMONT AVENUE,WASHINGTON AVENUE,PARK AVENUE,N
B,P-331697  ,HOLLAND AVENUE,LYDIG AVENUE,BRADY AVENUE,W
B,P-331698  ,WILLIAMSBRIDGE ROAD,POPLAR STREET,SILVER STREET,W
B,P-331699  ,WILLIAMSBRIDGE ROAD,VAN NEST AVENUE,PIERCE AVENUE,W
B,P-331700  ,WILLIAMSBRIDGE ROAD,EASTCHESTER ROAD,POPLAR STREET,E
B,P-331703  ,EAST GUNHILL ROAD,FISH AVENUE,SEXTON PLACE,S
B,P-331704  ,MACE AVENUE,EASTCHESTER ROAD,FENTON AVENUE,N
B,P-331706  ,WOOD ROAD,WEST AVENUE,WOOD AVENUE,E
B,P-331707  ,BUHRE AVENUE,HOBART AVENUE,JARVIS AVENUE,S
B,P-331708  ,EAST TREMONT AVENUE,BRUCKNER BOULEVARD*N,BRUCKNER BOULEVARD*S,W
B,P-331710  ,EAST TREMONT AVENUE,ROOSEVELT AVENUE,LAMPORT PLACE,W
B,P-331711  ,EAST TREMONT AVENUE,LAMPORT PLACE,SCHLEY AVENUE,W
B,P-331715  ,EAST TREMONT AVENUE,MACLAY AVENUE,ST RAYMOND AVENUE,S
B,P-331716  ,WESTCHESTER AVENUE,COMMERCE AVENUE,FERRIS PLACE,S
B,P-331718  ,EAST TREMONT AVENUE,DILL PLACE,RANDALL AVENUE,W
B,P-331719  ,MORRISON AVENUE,EAST  172 STREET,WESTCHESTER AVENUE,W
B,P-331724  ,WHITE PLAINS ROAD,GUERLAIN STREET,EAST TREMONT AVENUE,E
B,P-331872  ,MCGRAW AVENUE,UNIONPORT ROAD,METROPOLITAN AVENUE,N
B,P-331879  ,COLGATE AVENUE,WESTCHESTER AVENUE,WATSON AVENUE,E
B,P-331881  ,ELDER AVENUE,WATSON AVENUE,WESTCHESTER AVENUE,E
B,P-332169  ,EAST GUN HILL ROAD,KNAPP STREET,SEYMOUR AVENUE,N
B,P-332502  ,NEWBOLD AVENUE,CASTLEHILL AVENUE,HAVEMEYER AVENUE,N
B,P-332591  ,WOOD AVENUE,WHITE PLAINS ROAD,VIRGINIA AVENUE,S
B,P-332593  ,STARLING AVENUE,ODELL STREET,PURDY STREET,S
B,P-332594  ,STARLING AVENUE,UNIONPORT ROAD,OLMSTEAD AVENUE,S
B,P-332595  ,WHITE PLAINS ROAD,MCGRAW AVENUE,WOOD AVENUE,E
B,P-332596  ,MANOR AVENUE,EAST  172 STREET,WESTCHESTER AVENUE,W
B,P-332597  ,MANOR AVENUE,WESTCHESTER AVENUE,WATSON AVENUE,E
B,P-332599  ,WEST AVENUE,WOOD ROAD,DEAD END,W
B,P-332601  ,PARKCHESTER ROAD,METROPOLITAN AVENUE,METROPOLITAN AVENUE,E
B,P-332611  ,MORRIS PARK AVENUE,UNION PORT ROAD,VICTOR STREET,S
B,P-332612  ,WILLIAMSBRIDGE ROAD,SACKET AVENUE,PIERCE AVENUE,E
B,P-332613  ,MORRIS PARK AVENUE,WHITE PLAINS ROAD,HUNT AVENUE,S
B,P-332614  ,MORRIS PARK AVENUE,VICTOR STREET,AMETHYST STREET,N
B,P-332615  ,CRUGER AVENUE,LYDIG AVENUE,PELHAM PARKWAY SOUTH,W
B,P-332616  ,EAST GUNHILL ROAD,PEARSALL AVENUE,THROOP AVENUE,S
B,P-332617  ,EAST GUNHILL ROAD,YOUNG AVENUE,FISH AVENUE,S
B,P-332618  ,EAST GUNHILL ROAD,SEXTON PLACE,DEWITT PLACE,S
B,P-332658  ,BOYNTON AVENUE,EAST  172 STREET,WESTCHESTER AVENUE,E
B,P-332666  ,WHITE PLAINS ROAD,WESTCHESTER AVENUE,GLEASON AVENUE,W
B,P-332669  ,UNIONPORT ROAD,MCGRAW AVENUE,OLMSTEAD AVENUE,W
B,P-332670  ,UNIONPORT ROAD,OLMSTEAD AVENUE,STARLING AVENUE,E
B,P-332671  ,MCGRAW AVENUE,UNIONPORT ROAD,PUGSLEY AVENUE,S
B,P-332672  ,STARLING AVENUE,ODELL STREET,OLMSTEAD AVENUE,N
B,P-332674  ,METROPOLITAN AVENUE,BENEDICT AVENUE,MCGRAW AVENUE,E
B,P-332675  ,METROPOLITAN AVENUE,MCGRAW AVENUE,PARKCHESTER ROAD,E
B,P-332678  ,METROPOLITAN AVENUE,YANKEE MALL,PARKCHESTER ROAD*N,E
B,P-332679  ,METROPOLITAN AVENUE,PARKCHESTER ROAD*S,YANKEE MALL,E
B,P-332681  ,GUERLAIN STREET,UNIONPORT ROAD,WHITE PLAINS ROAD,N
B,P-332682  ,GUERLAIN STREET,ARCHER ROAD,UNIONPORT ROAD,S
B,P-332683  ,GUERLAIN STREET,WHITE PLAINS ROAD,ARCHER ROAD,S
B,P-332684  ,EAST AVENUE,YANKEE MALL,PARKCHESTER ROAD*S RDWY,W
B,P-332693  ,METROPOLITAN AVENUE,MCGRAW AVENUE,HUGH J GRANT CIRCLE,W
B,P-332701  ,UNIONPORT ROAD,GUERLAIN STREET,WOOD ROAD,W
B,P-332702  ,METROPOLITAN AVENUE,PURDY STREET,RED OAK DRIVE,N
B,P-332703  ,UNIONPORT ROAD,EAST TREMONT AVENUE,GUERLAIN STREET,W
B,P-332709  ,EASTCHESTER ROAD,STILLWELL AVENUE,SEMINOLE STREET,E
B,P-332711  ,HOLLAND AVENUE,PELHAM PARKWAY SOUTH,LYDIG AVENUE,E
B,P-332712  ,WILLIAMSBRIDGE ROAD,SACKETT AVENUE,POPLAR STREET,W
B,P-332734  ,EAST FORDHAM ROAD,HUGHES AVENUE,HOFFMAN STREET,N
B,P-332735  ,EAST FORDHAM ROAD,HOFFMAN STREET,BATHGATE AVENUE,N
B,P-332739  ,HUGHES AVENUE,EAST  186 STREET,EAST  187 STREET,E
B,P-332746  ,METROPOLITAN AVENUE,MAPLE DRIVE,LINDEN DRIVE,S
B,P-332748  ,UNIONPORT ROAD,STARLING AVENUE,METROPOLITAN AVENUE,E
B,P-332750  ,DAVIDSON AVENUE,WEST  184 STREET,WEST FORDHAM ROAD,W
B,P-332758  ,EAST  192 STREET,GRAND CONCOURSE,VALENTINE AVENUE,S
B,P-332759  ,EAST  192 STREET,GRAND CONCOURSE,VALENTINE AVENUE,N
B,P-332760  ,EAST  204 STREET,HULL AVENUE,PERRY AVENUE,N
B,P-332761  ,EAST  210 STREET,STEUBEN AVENUE,KOSSUTH AVENUE,S
B,P-332764  ,GRAND AVENUE,WEST  188 STREET,WEST FORDHAM ROAD,W
B,P-332765  ,GRAND AVENUE,WEST FORDHAM ROAD,WEST  184 STREET,W
B,P-332766  ,HULL AVENUE,EAST  205 STREET,EAST  204 STREET,E
B,P-332767  ,HULL AVENUE,EAST  205 STREET,EAST  204 STREET,W
B,P-332775  ,PERRY AVENUE,EAST MOSHOLU PARKWAY NORTH,EAST  204 STREET,W
B,P-332790  ,WEST FORDHAM ROAD,LORING PLACE NORTH,ANDREWS AVENUE NORTH,S
B,P-332794  ,METROPOLITAN AVENUE,METROPOLITAN OVAL,MAPLE DRIVE,S
B,P-332797  ,PELHAM PARKWAY SOUTH,BOSTON ROAD,WHITE PLAINS ROAD,N
B,P-332803  ,WEST FORDHAM ROAD,SEDGWICK AVENUE,LORING PLACE NORTH,S
B,P-333035  ,WILKINSON AVENUE,WESTCHESTER AVENUE,HOBART AVENUE,N
B,P-333037  ,BUHRE AVENUE,EDISON AVENUE,PILGRIM AVENUE,N
B,P-333040  ,MIDDLETOWN ROAD,HUTCHINSON RIVER PARKWAY EAST,MAYFLOWER AVENUE,S
B,P-333041  ,EAST TREMONT AVENUE,WESTCHESTER AVENUE,FINK AVENUE,E
B,P-333045  ,EAST TREMONT AVENUE,ERICSON PLACE,LATTING STREET,W
B,P-333073  ,METROPOLITAN AVENUE,PINE DRIVE,HAWTHORNE DRIVE,N
B,P-333074  ,EAST TREMONT AVENUE,BRUCKNER BOULEVARD,BARKLEY AVENUE,W
B,P-333076  ,EAST TREMONT AVENUE,BARKLEY AVENUE,LAFAYETTE AVENUE,W
B,P-333077  ,EAST TREMONT AVENUE,SAMPSON AVENUE,MILES AVENUE,S
B,P-333080  ,WILKINSON AVENUE,HOBART AVENUE,WESTCHESTER AVENUE,S
B,P-333081  ,BUHRE AVENUE,PILGRIM AVENUE,WESTCHESTER AVENUE,S
B,P-333085  ,EAST TREMONT AVENUE,RANDALL AVENUE,ROOSEVELT AVENUE,W
B,P-333088  ,EAST TREMONT AVENUE,LATTING STREET,WATERBURY AVENUE,W
B,P-333091  ,EAST TREMONT AVENUE,EAST  177 STREET,SAMPSON AVENUE,S
B,P-333400  ,HOBART AVENUE,ROBERTS AVENUE,BUHRE AVENUE,E
B,P-333416  ,SCHLEY AVENUE,EAST TREMONT AVENUE,CROSS BRONX EXPRESSWAY,N
B,P-333418  ,WILLIAMSBRIDGE ROAD,HALPERIN AVENUE,SAINT RAYMOND AVENUE,E
B,P-333423  ,HALPERIN AVENUE,WILLIAMBRIDGE ROAD,BLONDELL AVENUE,N
B,P-333424  ,ST RAYMOND AVENUE,WILLIAMBRIDGE ROAD,BLONDELL AVENUE,S
B,P-333425  ,HALPERIN AVENUE,WILLIAMBRIDGE ROAD,BLONDELL AVENUE,S
B,P-333427  ,BRUCKNER BOULEVARD*N S/R,EDISON AVENUE,EAST TREMONT AVENUE,N
B,P-333428  ,FRISBY AVENUE,BENSON STREET,EAST TREMONT AVENUE,S
B,P-333429  ,FRISBY AVENUE,BENSON STREET,EAST TREMONT AVENUE,N
B,P-333430  ,SAINT RAYMOND AVENUE,BENSON STREET,EAST TREMONT AVENUE,N
B,P-333431  ,SAINT RAYMOND AVENUE,BENSON STREET,EAST TREMONT AVENUE,S
B,P-333432  ,EAST TREMONT AVENUE,MILES AVENUE,GERBER PLACE,E
B,P-333433  ,MILES AVENUE,REVERE AVENUE,EAST TREMONT AVENUE,S
B,P-333434  ,MILES AVENUE,EAST TREMONT AVENUE,REVERE AVENUE,N
B,P-333435  ,MILES AVENUE,LOGAN AVENUE,EAST TREMONT AVENUE,N
B,P-333436  ,SAMPSON AVENUE,REVERE AVENUE,EAST TREMONT AVENUE,S
B,P-333437  ,MILES AVENUE,EAST TREMONT AVENUE,LOGAN AVENUE,S
B,P-333438  ,SAMPSON AVENUE,EAST TREMONT AVENUE,EAST  177 STREET,S
B,P-333440  ,BUTLER PLACE,SEABURY AVENUE,COMMERCE AVENUE,S
B,P-333441  ,COMMERCE AVENUE,BUTLER PLACE,HALSEY STREET,W
B,P-333442  ,DILL PLACE,REVERE AVENUE,EAST TREMONT AVENUE,S
B,P-333443  ,LAFAYETTE AVENUE,REVERE AVENUE,EAST TREMONT AVENUE,S
B,P-333444  ,EAST TREMONT AVENUE,LAFAYETTE AVENUE,PHILIP AVENUE,S
B,P-333453  ,ZEREGA AVENUE,LYON AVENUE,WESTCHESTER AVENUE,W
B,P-333456  ,EAST TREMONT AVENUE,BRUCKNER BOULEVARD*S,BRUCKNER BOULEVARD*N,E
B,P-333457  ,REVERE AVENUE,BARKLEY AVENUE,BRUCKNER BOULEVARD,E
B,P-333460  ,EAST TREMONT AVENUE,PHILIP AVENUE,DILL PLACE,S
B,P-333461  ,GREENE PLACE,EDISON AVENUE,EAST TREMONT AVENUE,N
B,P-333462  ,OTIS AVENUE,EDISON AVENUE,EAST TREMONT AVENUE,S
B,P-333464  ,EAST TREMONT AVENUE,GREENE PLACE,OTIS AVENUE,E
B,P-333465  ,EAST TREMONT AVENUE,LAFAYETTE AVENUE,SOMMER PLACE,E
B,P-333467  ,LAFAYETTE AVENUE,EDISON AVENUE,EAST TREMONT AVENUE,N
B,P-333468  ,EAST TREMONT AVENUE,CROSS BRONX EXPRESSWAY,SCHLEY AVENUE,N
B,P-333469  ,EAST TREMONT AVENUE,MEYERS STREET,HASKIN STREET,E
B,P-333470  ,SCHLEY AVENUE,EDISON AVENUE,EAST TREMONT AVENUE,N
B,P-333471  ,SCHLEY AVENUE,EAST TREMONT AVENUE,EDISON AVENUE,S
B,P-333472  ,RANDALL AVENUE,EDISON AVENUE,EAST TREMONT AVENUE,N
B,P-333473  ,OTIS AVENUE,EDISON AVENUE,EAST TREMONT AVENUE,N
B,P-333474  ,EAST TREMONT AVENUE,OTIS AVENUE,BRUCKNER BOULEVARD,N
B,P-333475  ,EAST TREMONT AVENUE,BRUCKNER BOULEVARD,MEYERS STREET,E
B,P-333477  ,RANDALL AVENUE,EAST TREMONT AVENUE,EDISON AVENUE,S
B,P-333478  ,BUHRE AVENUE,CROSBY AVENUE,HOBART AVENUE,S
B,P-333479  ,MIDDLETOWN ROAD,CROSBY AVENUE,PLYMOUTH AVENUE,N
B,P-333481  ,EDISON AVENUE,WESTCHESTER AVENUE,ROBERTS AVENUE,W
B,P-333482  ,MIDDLETOWN ROAD,GILLESPIE AVENUE,CROSBY AVENUE,S
B,P-333483  ,MIDDLETOWN ROAD,CROSBY AVENUE,HOLLYWOOD AVENUE,S
B,P-333484  ,MIDDLETOWN ROAD,HOBART AVENUE,CROSBY AVENUE,N
B,P-333485  ,CROSBY AVENUE,MIDDLETOWN ROAD,ROBERTS AVENUE,E
B,P-333486  ,MIDDLETOWN ROAD,MULFORD AVENUE,WESTCHESTER AVENUE,N
B,P-333488  ,EDISON AVENUE,ST THERESA AVENUE,BUHRE AVENUE,W
B,P-333489  ,EDISON AVENUE,ST THERESA AVENUE,WESTCHESTER AVENUE,E
B,P-333490  ,FINK AVENUE,BLONDELL AVENUE,WESTCHESTER SQUARE,S
B,P-333491  ,PONTON AVENUE,WESTCHESTER SQUARE,BLONDELL AVENUE,S
B,P-333492  ,PONTON AVENUE,WESTCHESTER SQUARE,BLONDELL AVENUE,N
B,P-333494  ,BURR AVENUE,EAST  196 STREET,WESTCHESTER AVENUE,W
B,P-333496  ,ST PAUL AVENUE,EAST  196 STREET,WESTCHESTER AVENUE,W
B,P-333499  ,EAST TREMONT AVENUE,SCOTT PLACE,SULLIVAN PLACE,E
B,P-333500  ,LAFAYETTE AVENUE,EAST TREMONT AVENUE,EDISON AVENUE,S
B,P-333502  ,SAINT RAYMOND AVENUE,EAST TREMONT AVENUE,WILLIAMSBRIDGE ROAD,S
B,P-333505  ,EAST TREMONT AVENUE,RANDALL AVENUE,PHILIP AVENUE,E
B,P-333506  ,EAST TREMONT AVENUE,LASALLE AVENUE,CODDINGTON AVENUE,E
B,P-333507  ,EAST TREMONT AVENUE,WATERBURY AVENUE,LA SALLE AVENUE,E
B,P-333508  ,EAST TREMONT AVENUE,CODDINGTON AVENUE,HARRINGTON AVENUE,E
B,P-333510  ,EAST TREMONT AVENUE,HARRINGTON AVENUE,DUDLEY AVENUE,E
B,P-333517  ,BENSON STREET,BENSON STREET,LANE AVENUE,N
B,P-333556  ,BENSON STREET,TRATMAN AVENUE,LANE AVENUE,S
B,P-333557  ,HOBART AVENUE,WESTCHESTER AVENUE,ST THERESA AVENUE,E
B,P-333587  ,EAST TREMONT AVENUE,BARKLEY AVENUE,GREENE PLACE,E
B,P-333588  ,CONTINENTAL AVENUE,WESTCHESTER AVENUE,EAST  194 STREET,W
B,P-333592  ,BENEDICT AVENUE,METROPOLITAN AVENUE,PUGSLEY AVENUE,S
B,P-333760  ,WEST  240 STREET,BROADWAY,IRWIN AVENUE,N
B,P-334079  ,WEST  259 STREET,RIVERDALE AVENUE,DELAFIELD AVENUE,S
B,P-334080  ,WEST  259 STREET,DELAFIELD AVENUE,RIVERDALE AVENUE,N
B,P-334081  ,TIBBETT AVENUE,WEST  238 STREET,WEST  240 STREET,E
B,P-334082  ,WEST  236 STREET,DEAD END,BROADWAY,N
B,P-334084  ,KAPPOCK STREET,KNOLLS CRESCENT,JOHNSON AVENUE,W
B,P-334086  ,WEST  261 STREET,DELAFIELD AVENUE,RIVERDALE AVENUE,N
B,P-334087  ,WEST  261 STREET,RIVERDALE AVENUE,DELAFIELD AVENUE,S
B,P-334089  ,RIVERDALE AVENUE,WEST  258 STREET,WEST  259 STREET,E
B,P-334091  ,MANHATTAN COLLEGE PARKWAY,WALDO AVENUE,WEST  242 STREET,S
B,P-334092  ,EXTERIOR STREET,WEST  225 STREET,WEST  230 STREET,E
B,P-334094  ,WEST  232 STREET,BROADWAY,KINGSBRIDGE AVENUE,N
B,P-334099  ,WEST  233 STREET,BROADWAY,KINGSBRIDGE AVENUE,S
B,P-334100  ,WEST  231 STREET,CORLEAR AVENUE,TIBBETT AVENUE,N
B,P-334101  ,WEST  231 STREET,TIBBETT AVENUE,IRWIN AVENUE,N
B,P-334189  ,WEST  231 STREET,TIBBETT AVENUE,CORLEAR AVENUE,S
B,P-334190  ,WEST  231 STREET,KINGSBRIDGE AVENUE,GODWIN TERRACE,S
B,P-334191  ,GODWIN TERRACE,WEST  231 STREET,WEST  230 STREET,W
B,P-334193  ,WEST  231 STREET,GODWIN TERRACE,BROADWAY,S
B,P-334195  ,WEST  242 STREET,MANH COLLEGE PARKWAY,BROADWAY,S
B,P-334330  ,WEST  231 STREET,BROADWAY,ALBANY CRESCENT,S
B,P-334332  ,WEST  231 STREET,ALBANY CRESCENT,BAILEY AVENUE,S
B,P-334333  ,BAILEY AVENUE,WEST  231 STREET,ALBANY CRESCENT,W
B,P-334335  ,CORLEAR AVENUE,WEST  240 STREET,WEST  238 STREET,W
B,P-334339  ,MOSHOLU AVENUE,FIELDSTON ROAD,POST ROAD,E
B,P-334340  ,MOSHOLU AVENUE,POST ROAD,BROADWAY,E
B,P-334341  ,MOSHOLU AVENUE,WEST  255 STREET,FIELDSTON ROAD,E
B,P-334343  ,WEST  231 STREET,BAILEY AVENUE,ALBANY CRESCENT,N
B,P-334345  ,JOHNSON AVENUE,WEST  235 STREET,WEST  236 STREET,E
B,P-334348  ,RIVERDALE AVENUE,WEST  238 STREET,WEST  239 STREET,E
B,P-334352  ,WEST  235 STREET,NETHERLAND AVENUE,JOHNSON AVENUE,S
B,P-334353  ,WEST  235 STREET,JOHNSON AVENUE,NETHERLAND AVENUE,N
B,P-334354  ,WEST  235 STREET,JOHNSON AVENUE,OXFORD AVENUE,S
B,P-334355  ,WEST  235 STREET,OXFORD AVENUE,JOHNSON AVENUE,N
B,P-334357  ,WEST  236 STREET,CAMBRIDGE AVENUE,RIVERDALE AVENUE,S
B,P-334358  ,OXFORD AVENUE,WEST  236 STREET,WEST  235 STREET,W
B,P-334359  ,JOHNSON AVENUE,WEST  236 STREET,WEST  235 STREET,W
B,P-334362  ,WEST  236 STREET,NETHERLAND AVENUE,JOHNSON AVENUE,S
B,P-334365  ,RIVERDALE AVENUE,WEST  261 STREET,WEST  259 STREET,W
B,P-334366  ,GOULDEN AVENUE,SEDGEWICK AVENUE,WEST  197 STREET,W
B,P-334433  ,JOHNSON AVENUE,WEST  232 STREET,WEST  235 STREET,E
B,P-334436  ,WEST KINGSBRIDGE ROAD,UNIVERSITY AVENUE,WEBB AVENUE,N
B,P-334439  ,VERVEELEN PLACE,DEAD END,BROADWAY,N
B,P-334441  ,WEST  233 STREET,BROADWAY,BAILEY AVENUE,N
B,P-334443  ,WEST  235 STREET,NETHERLAND AVENUE,HENRY HUDSON PARKWAY,N
B,P-334444  ,WEST  238 STREET,RIVERDALE AVENUE,FIELDSTON ROAD,S
B,P-334445  ,OXFORD AVENUE,WEST  235 STREET,JOHNSON AVENUE,W
B,P-334446  ,RIVERDALE AVENUE,WEST  236 STREET,WEST  235 STREET,W
B,P-334448  ,WEST  236 STREET,JOHNSON AVENUE,OXFORD AVENUE,S
B,P-334452  ,RIVERDALE AVENUE,WEST  259 STREET,WEST  256 STREET,W
B,P-334453  ,WEST  236 STREET,RIVERDALE AVENUE,OXFORD AVENUE,N
B,P-334455  ,WEST  231 STREET,ALBANY CRESCENT,BROADWAY,N
B,P-334456  ,WEST  234 STREET,BAILEY AVENUE,BROADWAY,N
B,P-335286  ,RANDALL AVENUE,REVERE AVENUE,EAST TREMONT AVENUE,S
B,P-335580  ,MORRISON AVENUE,EAST  172 STREET,WESTCHESTER AVENUE,E
B,P-335912  ,KATONAH AVENUE,EAST  236 STREET,EAST  235 STREET,W
B,P-335913  ,KATONAH AVENUE,EAST  237 STREET,EAST  236 STREET,W
B,P-335915  ,EAST GUN HILL ROAD,ADEE AVENUE,FENTON AVENUE,N
B,P-335917  ,FENTON AVENUE,EAST GUNHILL ROAD,KNAPP STREET,E
B,P-335921  ,EAST GUNHILL ROAD,SEYMOUR AVENUE,FISH AVENUE,N
B,P-335922  ,EAST GUN HILL ROAD,FISH AVENUE,BURKE AVENUE,N
B,P-335924  ,WHITE PLAINS ROAD,NEREID AVENUE,EAST  237 STREET,W
B,P-335927  ,WHITE PLAINS ROAD,EAST  229 STREET,EAST  228 STREET,W
B,P-335945  ,WHITE PLAINS ROAD,EAST  235 STREET,EAST  236 STREET,E
B,P-335947  ,WHITE PLAINS ROAD,EAST  229 STREET,EAST  230 STREET,E
B,P-335948  ,WHITE PLAINS ROAD,EAST  228 STREET,EAST  229 STREET,E
B,P-335953  ,WHITE PLAINS ROAD,EAST  240 STREET,EAST  239 STREET,W
B,P-335954  ,WHITE PLAINS ROAD,EAST  232 STREET,EAST  231 STREET,W
B,P-335960  ,WHITE PLAINS ROAD,NEREID AVENUE,EAST  239 STREET,E
B,P-335966  ,KATONAH AVENUE,EAST  240 STREET,EAST  239 STREET,W
B,P-335967  ,KATONAH AVENUE,EAST  238 STREET,EAST  237 STREET,W
B,P-335979  ,WHITE PLAINS ROAD,EAST  237 STREET,EAST  236 STREET,W
B,P-335994  ,WHITE PLAINS ROAD,PENFIELD STREET,EAST  242 STREET,E
B,P-336249  ,EAST TREMONT AVENUE,WHITTEMORE AVENUE,BRUCKNER BOULEVARD,W
B,P-336269  ,WHITE PLAINS ROAD,ST OUEN STREET,PENFIELD STREET,E
B,P-336276  ,WHITE PLAINS ROAD,EAST  240 STREET,EAST  241 STREET,E
B,P-336277  ,KATONAH AVENUE,EAST  238 STREET,EAST  239 STREET,E
B,P-336278  ,EAST GUN HILL ROAD,WHITE PLAINS ROAD,WILLET AVENUE,N
B,P-336281  ,WHITE PLAINS ROAD,EAST  236 STREET,EAST  237 STREET,E
B,P-336292  ,EAST TREMONT AVENUE,SCHLEY AVENUE,RANDALL AVENUE,E
B,P-336293  ,MANH COLLEGE PARKWAY*N RDWY,BROADWAY,POST ROAD,N
B,P-336294  ,MANHATTAN COLLEGE PARKWAY,MANH COLLEGE PARKWAY*MN RDWY,MANH COLLEGE PARKWAY*S RDWY,E
B,P-336295  ,MANH COLLEGE PARKWAY*MN RDWY,MANHATTAN COLLEGE PARKWAY,BROADWAY,S
B,P-336296  ,WEST  240 STREET,TIBBETT AVENUE,CORLEAR AVENUE,S
B,P-336297  ,WEST AVENUE,DEAD END,WOOD ROAD,E
B,P-336301  ,WESTCHESTER AVENUE,WHEELER AVENUE,EVERGREEN AVENUE,N
B,P-336304  ,ELDER AVENUE,WESTCHESTER AVENUE,EAST  172 STREET,E
B,P-336305  ,WESTCHESTER AVENUE,COLGATE AVENUE,BRONX RIVER AVENUE,N
B,P-336313  ,WHITE PLAINS ROAD,EAST  231 STREET,EAST  230 STREET,W
B,P-336568  ,EAST  188 STREET,MARION AVENUE,WEBSTER AVENUE,N
B,P-336680  ,EAST FORDHAM ROAD,LORILLARD PLACE,HOFFMAN STREET,S
B,P-336681  ,LORILLARD PLACE,EAST FORDHAM ROAD,EAST  189 STREET,W
B,P-336682  ,EAST FORDHAM ROAD,BATHGATE AVENUE,LORILLARD PLACE,S
B,P-336686  ,EAST TREMONT AVENUE,ARTHUR AVENUE,LAFONTAINE AVENUE,N
B,P-336687  ,EAST TREMONT AVENUE,LAFONTAINE AVENUE,MONTEREY AVENUE,N
B,P-336688  ,EAST TREMONT AVENUE,MONTEREY AVENUE,THIRD AVENUE,N
B,P-336689  ,EAST TREMONT AVENUE,CROTONA AVENUE,BELMONT AVENUE,N
B,P-336690  ,EAST TREMONT AVENUE,BELMONT AVENUE,HUGHES AVENUE,N
B,P-336691  ,EAST  187 STREET,HUGHES AVENUE,BELMONT AVENUE,S
B,P-336692  ,EAST TREMONT AVENUE,BELMONT AVENUE,CROTONA AVENUE,S
B,P-336693  ,EAST TREMONT AVENUE,CROTONA AVENUE,CLINTON AVENUE,S
B,P-336695  ,EAST  187 STREET,CROTONA AVENUE,PROSPECT AVENUE,S
B,P-336698  ,HOFFMAN STREET,EAST  187 STREET,EAST  188 STREET,W
B,P-336702  ,EAST  187 STREET,PROSPECT AVENUE,CROTONA AVENUE,N
B,P-336703  ,EAST  187 STREET,CROTONA AVENUE,BEAUMONT AVENUE,N
B,P-336704  ,EAST  187 STREET,BEAUMONT AVENUE,CAMBRELENG AVENUE,N
B,P-336708  ,HUGHES AVENUE,EAST  187 STREET,EAST  188 STREET,W
B,P-336710  ,EAST  187 STREET,CAMBRELENG AVENUE,BELMONT AVENUE,N
B,P-336712  ,HUGHES AVENUE,EAST  186 STREET,EAST  187 STREET,W
B,P-336713  ,EAST  187 STREET,ARTHUR AVENUE,HUGHES AVENUE,S
B,P-336715  ,EAST TREMONT AVENUE,MARMION AVENUE,MAPES AVENUE,N
B,P-336716  ,EAST TREMONT AVENUE,SOUTHERN BOULEVARD,MARMION AVENUE,N
B,P-336717  ,EAST TREMONT AVENUE,CLINTON AVENUE,CROTONA AVENUE,N
B,P-336720  ,EAST TREMONT AVENUE,PROSPECT AVENUE,CLINTON AVENUE,N
B,P-336721  ,CLINTON AVENUE,EAST  178 STREET,E